txn_id,txn_type,order_id,captured_at,amount,settlement_id,settled_at
pay_001002,payment,ORD-004472,2026-01-04T06:47:17,4240500,setl_00001,2026-01-05
fee_001003,fee,,2026-01-05T00:00:00,-100075,setl_00001,2026-01-05
tax_001004,tax,,2026-01-05T00:00:00,-18013,setl_00001,2026-01-05
pay_001005,payment,ORD-004473,2026-01-07T19:02:01,4484800,setl_00002,2026-01-08
fee_001006,fee,,2026-01-08T00:00:00,-105841,setl_00002,2026-01-08
tax_001007,tax,,2026-01-08T00:00:00,-19051,setl_00002,2026-01-08
pay_001008,payment,ORD-004474,2026-01-09T19:14:28,223900,setl_00003,2026-01-11
pay_001009,payment,ORD-004475,2026-01-09T19:21:17,92500,setl_00003,2026-01-11
pay_001010,payment,ORD-004476,2026-01-08T09:05:24,1461000,setl_00003,2026-01-11
pay_001011,payment,ORD-004477,2026-01-08T14:51:02,2402600,setl_00003,2026-01-11
pay_001012,payment,ORD-004478,2026-01-10T18:05:35,3564200,setl_00003,2026-01-11
pay_001013,payment,ORD-004479,2026-01-08T12:45:04,4169800,setl_00003,2026-01-11
fee_001014,fee,,2026-01-11T00:00:00,-281170,setl_00003,2026-01-11
tax_001015,tax,,2026-01-11T00:00:00,-50610,setl_00003,2026-01-11
pay_001016,payment,ORD-004480,2026-01-08T14:29:40,711900,setl_00004,2026-01-12
pay_001017,payment,ORD-004481,2026-01-09T17:13:42,1115900,setl_00004,2026-01-12
fee_001018,fee,,2026-01-12T00:00:00,-43136,setl_00004,2026-01-12
tax_001019,tax,,2026-01-12T00:00:00,-7764,setl_00004,2026-01-12
pay_001020,payment,ORD-004482,2026-01-13T11:29:24,3550500,setl_00005,2026-01-15
pay_001021,payment,ORD-004483,2026-01-13T16:53:49,4244300,setl_00005,2026-01-15
fee_001022,fee,,2026-01-15T00:00:00,-183957,setl_00005,2026-01-15
tax_001023,tax,,2026-01-15T00:00:00,-33112,setl_00005,2026-01-15
pay_001024,payment,ORD-004484,2026-01-16T12:58:36,1804600,setl_00006,2026-01-17
pay_001025,payment,ORD-004485,2026-01-13T18:56:58,1443400,setl_00006,2026-01-17
pay_001026,payment,ORD-004486,2026-01-14T10:15:47,986300,setl_00006,2026-01-17
pay_001027,payment,ORD-004487,2026-01-13T18:23:14,1771900,setl_00006,2026-01-17
fee_001028,fee,,2026-01-17T00:00:00,-141746,setl_00006,2026-01-17
tax_001029,tax,,2026-01-17T00:00:00,-25514,setl_00006,2026-01-17
pay_001030,payment,ORD-004488,2026-01-16T19:38:04,1051600,setl_00007,2026-01-18
fee_001031,fee,,2026-01-18T00:00:00,-24817,setl_00007,2026-01-18
tax_001032,tax,,2026-01-18T00:00:00,-4467,setl_00007,2026-01-18
pay_001033,payment,ORD-004489,2026-01-19T09:43:56,1697600,setl_00008,2026-01-20
pay_001034,payment,ORD-004490,2026-01-17T16:07:18,4970900,setl_00008,2026-01-20
pay_001035,payment,ORD-004491,2026-01-16T06:46:56,1086500,setl_00008,2026-01-20
pay_001036,payment,ORD-004492,2026-01-18T09:55:40,3330600,setl_00008,2026-01-20
pay_001037,payment,ORD-004493,2026-01-18T10:23:48,4237400,setl_00008,2026-01-20
fee_001038,fee,,2026-01-20T00:00:00,-361622,setl_00008,2026-01-20
tax_001039,tax,,2026-01-20T00:00:00,-65091,setl_00008,2026-01-20
pay_001040,payment,ORD-004494,2026-01-21T17:56:53,177600,setl_00009,2026-01-22
pay_001041,payment,ORD-004495,2026-01-21T13:56:36,1619200,setl_00009,2026-01-22
pay_001042,payment,ORD-004496,2026-01-18T08:48:34,611300,setl_00009,2026-01-22
pay_001043,payment,ORD-004497,2026-01-18T11:16:33,891400,setl_00009,2026-01-22
fee_001044,fee,,2026-01-22T00:00:00,-77868,setl_00009,2026-01-22
tax_001045,tax,,2026-01-22T00:00:00,-14016,setl_00009,2026-01-22
pay_001046,payment,ORD-004498,2026-01-22T18:42:41,4722300,setl_00010,2026-01-25
pay_001047,payment,ORD-004499,2026-01-21T09:15:14,2921100,setl_00010,2026-01-25
fee_001048,fee,,2026-01-25T00:00:00,-180384,setl_00010,2026-01-25
tax_001049,tax,,2026-01-25T00:00:00,-32469,setl_00010,2026-01-25
pay_001050,payment,ORD-004500,2026-01-26T06:04:45,1558000,setl_00011,2026-01-28
pay_001051,payment,ORD-004501,2026-01-27T07:55:21,1550300,setl_00011,2026-01-28
pay_001052,payment,ORD-004502,2026-01-26T14:42:31,3419500,setl_00011,2026-01-28
pay_001053,payment,ORD-004503,2026-01-26T21:15:50,3583900,setl_00011,2026-01-28
pay_001054,payment,ORD-004504,2026-01-26T09:06:42,2717700,setl_00011,2026-01-28
fee_001055,fee,,2026-01-28T00:00:00,-302773,setl_00011,2026-01-28
tax_001056,tax,,2026-01-28T00:00:00,-54499,setl_00011,2026-01-28
pay_001057,payment,ORD-004505,2026-01-29T09:03:25,4828000,setl_00012,2026-01-30
pay_001058,payment,ORD-004506,2026-01-28T12:12:34,766100,setl_00012,2026-01-30
pay_001059,payment,ORD-004507,2026-01-26T11:17:29,968600,setl_00012,2026-01-30
pay_001060,payment,ORD-004508,2026-01-26T09:03:41,544000,setl_00012,2026-01-30
fee_001061,fee,,2026-01-30T00:00:00,-167718,setl_00012,2026-01-30
tax_001062,tax,,2026-01-30T00:00:00,-30189,setl_00012,2026-01-30
pay_001063,payment,ORD-004509,2026-01-27T21:13:55,2713400,setl_00013,2026-01-31
pay_001064,payment,ORD-004510,2026-01-29T18:00:24,434200,setl_00013,2026-01-31
fee_001065,fee,,2026-01-31T00:00:00,-74283,setl_00013,2026-01-31
tax_001066,tax,,2026-01-31T00:00:00,-13370,setl_00013,2026-01-31
pay_001067,payment,ORD-004511,2026-01-29T10:12:18,4387600,setl_00014,2026-02-02
pay_001068,payment,ORD-004512,2026-02-01T16:03:03,433200,setl_00014,2026-02-02
pay_001069,payment,ORD-004513,2026-01-31T07:32:05,3345400,setl_00014,2026-02-02
pay_001070,payment,ORD-004514,2026-02-01T13:25:07,499000,setl_00014,2026-02-02
pay_001071,payment,ORD-004515,2026-02-01T08:26:42,3844000,setl_00014,2026-02-02
fee_001072,fee,,2026-02-02T00:00:00,-295217,setl_00014,2026-02-02
tax_001073,tax,,2026-02-02T00:00:00,-53139,setl_00014,2026-02-02
pay_001074,payment,ORD-004516,2026-01-31T18:08:42,1614200,setl_00015,2026-02-03
pay_001075,payment,ORD-004517,2026-01-31T08:00:29,3046400,setl_00015,2026-02-03
pay_001076,payment,ORD-004518,2026-02-01T14:08:59,530100,setl_00015,2026-02-03
fee_001077,fee,,2026-02-03T00:00:00,-122500,setl_00015,2026-02-03
tax_001078,tax,,2026-02-03T00:00:00,-22050,setl_00015,2026-02-03
pay_001079,payment,ORD-004519,2026-02-01T15:39:51,1083800,setl_00016,2026-02-05
pay_001080,payment,ORD-004520,2026-02-02T09:56:08,101200,setl_00016,2026-02-05
pay_001081,payment,ORD-004521,2026-02-04T10:17:18,806400,setl_00016,2026-02-05
fee_001082,fee,,2026-02-05T00:00:00,-46997,setl_00016,2026-02-05
tax_001083,tax,,2026-02-05T00:00:00,-8459,setl_00016,2026-02-05
pay_001084,payment,ORD-004522,2026-02-04T14:57:58,3362200,setl_00017,2026-02-08
pay_001085,payment,ORD-004523,2026-02-04T14:02:00,654800,setl_00017,2026-02-08
pay_001086,payment,ORD-004524,2026-02-05T11:47:28,907300,setl_00017,2026-02-08
fee_001087,fee,,2026-02-08T00:00:00,-116213,setl_00017,2026-02-08
tax_001088,tax,,2026-02-08T00:00:00,-20918,setl_00017,2026-02-08
pay_001089,payment,,2026-02-08T17:37:35,3625500,setl_00018,2026-02-09
pay_001090,payment,ORD-004526,2026-02-07T07:19:23,2866600,setl_00018,2026-02-09
fee_001091,fee,,2026-02-09T00:00:00,-153213,setl_00018,2026-02-09
tax_001092,tax,,2026-02-09T00:00:00,-27578,setl_00018,2026-02-09
pay_001093,payment,ORD-004527,2026-02-11T17:49:35,4420800,setl_00019,2026-02-12
pay_001094,payment,ORD-004528,2026-02-10T13:55:10,4117500,setl_00019,2026-02-12
fee_001095,fee,,2026-02-12T00:00:00,-201503,setl_00019,2026-02-12
tax_001096,tax,,2026-02-12T00:00:00,-36270,setl_00019,2026-02-12
pay_001097,payment,ORD-004529,2026-02-11T14:10:50,2748200,setl_00020,2026-02-13
pay_001098,payment,ORD-004530,2026-02-12T21:14:12,2557000,setl_00020,2026-02-13
pay_001099,payment,ORD-004531,2026-02-10T13:14:01,2341500,setl_00020,2026-02-13
fee_001100,fee,,2026-02-13T00:00:00,-180462,setl_00020,2026-02-13
tax_001101,tax,,2026-02-13T00:00:00,-32483,setl_00020,2026-02-13
pay_001102,payment,ORD-004532,2026-02-12T18:43:53,1879200,setl_00021,2026-02-15
fee_001103,fee,,2026-02-15T00:00:00,-44349,setl_00021,2026-02-15
tax_001104,tax,,2026-02-15T00:00:00,-7982,setl_00021,2026-02-15
pay_001105,payment,ORD-004533,2026-02-13T07:06:38,1220200,setl_00022,2026-02-16
pay_001106,payment,ORD-004534,2026-02-13T19:38:32,2315400,setl_00022,2026-02-16
pay_001107,payment,ORD-004535,2026-02-14T14:02:45,2574400,setl_00022,2026-02-16
fee_001108,fee,,2026-02-16T00:00:00,-144196,setl_00022,2026-02-16
tax_001109,tax,,2026-02-16T00:00:00,-25955,setl_00022,2026-02-16
pay_001110,payment,ORD-004536,2026-02-15T08:42:58,2436900,setl_00023,2026-02-19
pay_001111,payment,ORD-004537,2026-02-16T09:46:57,4133900,setl_00023,2026-02-19
fee_001112,fee,,2026-02-19T00:00:00,-155070,setl_00023,2026-02-19
tax_001113,tax,,2026-02-19T00:00:00,-27912,setl_00023,2026-02-19
pay_001114,payment,ORD-004538,2026-02-18T10:12:26,2687100,setl_00024,2026-02-21
pay_001115,payment,ORD-004539,2026-02-19T15:25:35,4488800,setl_00024,2026-02-21
pay_001116,payment,ORD-004540,2026-02-18T12:27:50,2041400,setl_00024,2026-02-21
fee_001117,fee,,2026-02-21T00:00:00,-217528,setl_00024,2026-02-21
tax_001118,tax,,2026-02-21T00:00:00,-39155,setl_00024,2026-02-21
pay_001119,payment,ORD-004541,2026-02-19T11:42:05,3400000,setl_00025,2026-02-23
pay_001120,payment,ORD-004542,2026-02-20T08:52:48,3428000,setl_00025,2026-02-23
fee_001121,fee,,2026-02-23T00:00:00,-161140,setl_00025,2026-02-23
tax_001122,tax,,2026-02-23T00:00:00,-29005,setl_00025,2026-02-23
pay_001123,payment,ORD-004543,2026-02-23T13:30:39,210000,setl_00026,2026-02-24
pay_001124,payment,ORD-004544,2026-02-20T12:45:44,3034600,setl_00026,2026-02-24
fee_001125,fee,,2026-02-24T00:00:00,-76572,setl_00026,2026-02-24
tax_001126,tax,,2026-02-24T00:00:00,-13782,setl_00026,2026-02-24
pay_001127,payment,ORD-004545,2026-02-24T09:49:27,4349500,setl_00027,2026-02-25
pay_001128,payment,ORD-004546,2026-02-21T07:35:15,1202600,setl_00027,2026-02-25
fee_001129,fee,,2026-02-25T00:00:00,-131029,setl_00027,2026-02-25
tax_001130,tax,,2026-02-25T00:00:00,-23585,setl_00027,2026-02-25
pay_001131,payment,ORD-004547,2026-02-24T20:39:52,3712900,setl_00028,2026-02-27
pay_001132,payment,ORD-004548,2026-02-23T11:47:55,2846600,setl_00028,2026-02-27
pay_001133,payment,ORD-004549,2026-02-24T13:53:40,2999500,setl_00028,2026-02-27
pay_001134,payment,ORD-004550,2026-02-23T13:17:28,3466300,setl_00028,2026-02-27
pay_001135,payment,ORD-004551,2026-02-24T13:17:21,4726200,setl_00028,2026-02-27
fee_001136,fee,,2026-02-27T00:00:00,-418935,setl_00028,2026-02-27
tax_001137,tax,,2026-02-27T00:00:00,-75408,setl_00028,2026-02-27
pay_001138,payment,ORD-004552,2026-02-26T12:04:26,2560200,setl_00029,2026-02-28
pay_001139,payment,ORD-004553,2026-02-24T19:03:13,2218400,setl_00029,2026-02-28
fee_001140,fee,,2026-02-28T00:00:00,-112774,setl_00029,2026-02-28
tax_001141,tax,,2026-02-28T00:00:00,-20299,setl_00029,2026-02-28
pay_001142,payment,ORD-004554,2026-02-27T21:00:22,3822800,setl_00030,2026-03-03
fee_001143,fee,,2026-03-03T00:00:00,-90218,setl_00030,2026-03-03
tax_001144,tax,,2026-03-03T00:00:00,-16239,setl_00030,2026-03-03
pay_001145,payment,ORD-004555,2026-03-04T21:14:17,4003400,setl_00031,2026-03-06
pay_001146,payment,ORD-004556,2026-03-05T18:21:42,3232700,setl_00031,2026-03-06
pay_001147,payment,ORD-004557,2026-03-04T20:58:08,4795900,setl_00031,2026-03-06
pay_001148,payment,ORD-004558,2026-03-02T06:05:41,226700,setl_00031,2026-03-06
pay_001149,payment,ORD-004559,2026-03-02T11:03:16,939300,setl_00031,2026-03-06
fee_001150,fee,,2026-03-06T00:00:00,-311472,setl_00031,2026-03-06
tax_001151,tax,,2026-03-06T00:00:00,-56064,setl_00031,2026-03-06
pay_001152,payment,ORD-004560,2026-03-04T14:48:53,2261800,setl_00032,2026-03-08
pay_001153,payment,ORD-004561,2026-03-07T21:01:47,1703200,setl_00032,2026-03-08
pay_001154,payment,ORD-004562,2026-03-05T13:41:04,391300,setl_00032,2026-03-08
fee_001155,fee,,2026-03-08T00:00:00,-102808,setl_00032,2026-03-08
tax_001156,tax,,2026-03-08T00:00:00,-18505,setl_00032,2026-03-08
pay_001157,payment,ORD-004563,2026-03-07T13:08:30,4121900,setl_00033,2026-03-09
fee_001158,fee,,2026-03-09T00:00:00,-97276,setl_00033,2026-03-09
tax_001159,tax,,2026-03-09T00:00:00,-17509,setl_00033,2026-03-09
pay_001160,payment,ORD-004564,2026-03-10T09:49:52,2467500,setl_00034,2026-03-12
pay_001161,payment,ORD-004565,2026-03-11T06:59:19,2088400,setl_00034,2026-03-12
pay_001162,payment,ORD-004566,2026-03-10T08:37:44,2649500,setl_00034,2026-03-12
fee_001163,fee,,2026-03-12T00:00:00,-170047,setl_00034,2026-03-12
tax_001164,tax,,2026-03-12T00:00:00,-30608,setl_00034,2026-03-12
pay_001165,payment,ORD-004567,2026-03-13T17:34:27,843300,setl_00035,2026-03-14
pay_001166,payment,ORD-004568,2026-03-11T06:54:26,501900,setl_00035,2026-03-14
pay_001167,payment,ORD-004569,2026-03-10T17:40:57,741600,setl_00035,2026-03-14
pay_001168,payment,ORD-004570,2026-03-12T19:11:46,4685400,setl_00035,2026-03-14
pay_001169,payment,ORD-004571,2026-03-11T21:29:27,4312800,setl_00035,2026-03-14
pay_001170,payment,ORD-004572,2026-03-12T08:17:56,2162200,setl_00035,2026-03-14
fee_001171,fee,,2026-03-14T00:00:00,-312633,setl_00035,2026-03-14
tax_001172,tax,,2026-03-14T00:00:00,-56273,setl_00035,2026-03-14
pay_001173,payment,ORD-004573,2026-03-12T16:01:31,4049800,setl_00036,2026-03-16
pay_001174,payment,ORD-004574,2026-03-12T12:22:51,1241700,setl_00036,2026-03-16
pay_001175,payment,ORD-004575,2026-03-13T14:35:00,2280400,setl_00036,2026-03-16
pay_001176,payment,ORD-004576,2026-03-15T13:46:26,1302100,setl_00036,2026-03-16
pay_001177,payment,ORD-004577,2026-03-14T21:41:45,3688400,setl_00036,2026-03-16
pay_001178,payment,ORD-004578,2026-03-15T08:18:14,2987100,setl_00036,2026-03-16
fee_001179,fee,,2026-03-16T00:00:00,-366968,setl_00036,2026-03-16
tax_001180,tax,,2026-03-16T00:00:00,-66054,setl_00036,2026-03-16
pay_001181,payment,ORD-004579,2026-03-15T17:27:47,2468400,setl_00037,2026-03-19
pay_001182,payment,ORD-004580,2026-03-15T14:19:16,2355600,setl_00037,2026-03-19
pay_001183,payment,ORD-004581,2026-03-17T16:07:47,840700,setl_00037,2026-03-19
pay_001184,payment,ORD-004582,2026-03-17T12:13:47,4573000,setl_00037,2026-03-19
pay_001185,payment,ORD-004583,2026-03-16T09:53:12,1862000,setl_00037,2026-03-19
pay_001186,payment,ORD-004584,2026-03-16T11:19:00,1540800,setl_00037,2026-03-19
fee_001187,fee,,2026-03-19T00:00:00,-321915,setl_00037,2026-03-19
tax_001188,tax,,2026-03-19T00:00:00,-57944,setl_00037,2026-03-19
pay_001189,payment,ORD-004585,2026-03-17T10:40:55,3676400,setl_00038,2026-03-20
fee_001190,fee,,2026-03-20T00:00:00,-86763,setl_00038,2026-03-20
tax_001191,tax,,2026-03-20T00:00:00,-15617,setl_00038,2026-03-20
pay_001192,payment,ORD-004586,2026-03-19T20:21:11,3126200,setl_00039,2026-03-23
pay_001193,payment,ORD-004587,2026-03-19T09:52:04,1704600,setl_00039,2026-03-23
pay_001194,payment,ORD-004588,2026-03-22T07:09:09,3272700,setl_00039,2026-03-23
fee_001195,fee,,2026-03-23T00:00:00,-191242,setl_00039,2026-03-23
tax_001196,tax,,2026-03-23T00:00:00,-34423,setl_00039,2026-03-23
pay_001197,payment,ORD-004589,2026-03-22T18:28:58,2777400,setl_00040,2026-03-24
pay_001198,payment,ORD-004590,2026-03-20T15:36:39,1998700,setl_00040,2026-03-24
pay_001199,payment,ORD-004591,2026-03-23T12:40:13,4045200,setl_00040,2026-03-24
pay_001200,payment,ORD-004592,2026-03-23T11:15:11,4378100,setl_00040,2026-03-24
pay_001201,payment,ORD-004593,2026-03-23T19:28:44,1075800,setl_00040,2026-03-24
fee_001202,fee,,2026-03-24T00:00:00,-336894,setl_00040,2026-03-24
tax_001203,tax,,2026-03-24T00:00:00,-60640,setl_00040,2026-03-24
pay_001204,payment,ORD-004594,2026-03-22T20:04:43,4683100,setl_00041,2026-03-25
pay_001205,payment,ORD-004595,2026-03-23T19:07:34,1783700,setl_00041,2026-03-25
pay_001206,payment,ORD-004596,2026-03-23T14:52:09,4294300,setl_00041,2026-03-25
fee_001207,fee,,2026-03-25T00:00:00,-253961,setl_00041,2026-03-25
tax_001208,tax,,2026-03-25T00:00:00,-45712,setl_00041,2026-03-25
pay_001209,payment,ORD-004597,2026-03-24T20:07:29,4958300,setl_00042,2026-03-27
pay_001210,payment,ORD-004598,2026-03-23T14:32:34,4635700,setl_00042,2026-03-27
pay_001211,payment,ORD-004599,2026-03-26T07:56:27,2918800,setl_00042,2026-03-27
pay_001212,payment,ORD-004600,2026-03-24T06:05:14,4006400,setl_00042,2026-03-27
pay_001213,payment,ORD-004601,2026-03-24T07:48:48,4455800,setl_00042,2026-03-27
pay_001214,payment,ORD-004602,2026-03-23T14:11:37,3133400,setl_00042,2026-03-27
fee_001215,fee,,2026-03-27T00:00:00,-568958,setl_00042,2026-03-27
tax_001216,tax,,2026-03-27T00:00:00,-102412,setl_00042,2026-03-27
pay_001217,payment,ORD-004603,2026-03-26T16:42:06,2726100,setl_00043,2026-03-29
pay_001218,payment,ORD-004604,2026-03-25T21:18:42,2211400,setl_00043,2026-03-29
pay_001219,payment,ORD-004605,2026-03-28T20:05:20,3655100,setl_00043,2026-03-29
fee_001220,fee,,2026-03-29T00:00:00,-202785,setl_00043,2026-03-29
tax_001221,tax,,2026-03-29T00:00:00,-36501,setl_00043,2026-03-29
pay_001222,payment,ORD-004606,2026-03-27T19:03:12,57500,setl_00044,2026-03-31
pay_001223,payment,ORD-004607,2026-03-27T20:48:03,2420900,setl_00044,2026-03-31
pay_001224,payment,ORD-004608,2026-03-29T15:28:56,1800100,setl_00044,2026-03-31
pay_001225,payment,ORD-004609,2026-03-30T13:45:10,845700,setl_00044,2026-03-31
pay_001226,payment,ORD-004610,2026-03-30T19:05:14,3659900,setl_00044,2026-03-31
fee_001227,fee,,2026-03-31T00:00:00,-207304,setl_00044,2026-03-31
tax_001228,tax,,2026-03-31T00:00:00,-37314,setl_00044,2026-03-31
pay_001229,payment,ORD-004611,2026-03-31T14:26:53,3316100,setl_00045,2026-04-03
pay_001230,payment,ORD-004612,2026-04-01T20:35:09,3144700,setl_00045,2026-04-03
fee_001231,fee,,2026-04-03T00:00:00,-152474,setl_00045,2026-04-03
tax_001232,tax,,2026-04-03T00:00:00,-27445,setl_00045,2026-04-03
pay_001233,payment,ORD-004613,2026-04-03T19:21:59,507500,setl_00046,2026-04-06
pay_001234,payment,ORD-004614,2026-04-05T15:46:19,1800900,setl_00046,2026-04-06
fee_001235,fee,,2026-04-06T00:00:00,-54478,setl_00046,2026-04-06
tax_001236,tax,,2026-04-06T00:00:00,-9806,setl_00046,2026-04-06
pay_001237,payment,ORD-004615,2026-04-06T18:29:59,2311800,setl_00047,2026-04-09
pay_001238,payment,ORD-004616,2026-04-07T18:14:54,1286300,setl_00047,2026-04-09
pay_001239,payment,ORD-004617,2026-04-06T21:45:58,336000,setl_00047,2026-04-09
pay_001240,payment,ORD-004618,2026-04-07T21:02:08,2580200,setl_00047,2026-04-09
fee_001241,fee,,2026-04-09T00:00:00,-153737,setl_00047,2026-04-09
tax_001242,tax,,2026-04-09T00:00:00,-27672,setl_00047,2026-04-09
pay_001243,payment,ORD-004619,2026-04-07T06:46:09,3496800,setl_00048,2026-04-11
fee_001244,fee,,2026-04-11T00:00:00,-82524,setl_00048,2026-04-11
tax_001245,tax,,2026-04-11T00:00:00,-14854,setl_00048,2026-04-11
pay_001246,payment,ORD-004620,2026-04-09T08:54:21,2268700,setl_00049,2026-04-13
pay_001247,payment,ORD-004621,2026-04-10T21:55:34,2540400,setl_00049,2026-04-13
pay_001248,payment,ORD-004622,2026-04-12T13:40:43,4096500,setl_00049,2026-04-13
fee_001249,fee,,2026-04-13T00:00:00,-210172,setl_00049,2026-04-13
tax_001250,tax,,2026-04-13T00:00:00,-37830,setl_00049,2026-04-13
pay_001251,payment,ORD-004623,2026-04-13T20:10:44,695100,setl_00050,2026-04-14
pay_001252,payment,ORD-004624,2026-04-13T16:50:03,239700,setl_00050,2026-04-14
pay_001253,payment,ORD-004625,2026-04-11T19:09:15,2399200,setl_00050,2026-04-14
pay_001254,payment,ORD-004626,2026-04-12T11:11:05,2750400,setl_00050,2026-04-14
fee_001255,fee,,2026-04-14T00:00:00,-143591,setl_00050,2026-04-14
tax_001256,tax,,2026-04-14T00:00:00,-25846,setl_00050,2026-04-14
pay_001257,payment,ORD-004627,2026-04-13T14:29:16,1571600,setl_00051,2026-04-17
pay_001258,payment,ORD-004628,2026-04-14T11:04:28,3099000,setl_00051,2026-04-17
fee_001259,fee,,2026-04-17T00:00:00,-110226,setl_00051,2026-04-17
tax_001260,tax,,2026-04-17T00:00:00,-19840,setl_00051,2026-04-17
pay_001261,payment,ORD-004629,2026-04-16T12:24:54,3043900,setl_00052,2026-04-19
pay_001262,payment,ORD-004630,2026-04-17T18:36:22,748900,setl_00052,2026-04-19
pay_001263,payment,ORD-004631,2026-04-16T06:53:42,4632700,setl_00052,2026-04-19
fee_001264,fee,,2026-04-19T00:00:00,-198841,setl_00052,2026-04-19
tax_001265,tax,,2026-04-19T00:00:00,-35791,setl_00052,2026-04-19
pay_001266,payment,ORD-004632,2026-04-18T15:49:51,4024100,setl_00053,2026-04-22
fee_001267,fee,,2026-04-22T00:00:00,-94968,setl_00053,2026-04-22
tax_001268,tax,,2026-04-22T00:00:00,-17094,setl_00053,2026-04-22
pay_001269,payment,ORD-004633,2026-04-22T10:40:06,4119000,setl_00054,2026-04-25
pay_001270,payment,ORD-004634,2026-04-21T07:37:23,2074600,setl_00054,2026-04-25
fee_001271,fee,,2026-04-25T00:00:00,-146168,setl_00054,2026-04-25
tax_001272,tax,,2026-04-25T00:00:00,-26310,setl_00054,2026-04-25
pay_001273,payment,ORD-004635,2026-04-25T10:50:34,1201000,setl_00055,2026-04-27
pay_001274,payment,ORD-004636,2026-04-24T11:16:58,3528900,setl_00055,2026-04-27
pay_001275,payment,ORD-004637,2026-04-24T09:29:04,1984200,setl_00055,2026-04-27
pay_001276,payment,ORD-004638,2026-04-25T18:54:51,4992400,setl_00055,2026-04-27
fee_001277,fee,,2026-04-27T00:00:00,-276273,setl_00055,2026-04-27
tax_001278,tax,,2026-04-27T00:00:00,-49729,setl_00055,2026-04-27
pay_001279,payment,ORD-004639,2026-04-27T20:23:43,3566400,setl_00056,2026-04-28
pay_001280,payment,,2026-04-24T17:06:43,3880900,setl_00056,2026-04-28
pay_001281,payment,ORD-004641,2026-04-27T16:58:39,3139800,setl_00056,2026-04-28
fee_001282,fee,,2026-04-28T00:00:00,-249855,setl_00056,2026-04-28
tax_001283,tax,,2026-04-28T00:00:00,-44973,setl_00056,2026-04-28
pay_001284,payment,ORD-004642,2026-03-23T09:08:02,8036100,setl_00057,2026-03-27
pay_001285,payment,ORD-004643,2026-03-23T09:06:15,8036100,setl_00057,2026-03-27
pay_001286,payment,ORD-004644,2026-03-23T20:23:42,8036200,setl_00057,2026-03-27
fee_001287,fee,,2026-03-27T00:00:00,-568958,setl_00057,2026-03-27
tax_001288,tax,,2026-03-27T00:00:00,-102412,setl_00057,2026-03-27
pay_001289,payment,ORD-004645,2026-05-02T21:39:26,2768900,setl_00058,2026-05-03
pay_001290,payment,ORD-004646,2026-04-30T12:28:28,264400,setl_00058,2026-05-03
fee_001291,fee,,2026-05-03T00:00:00,-71585,setl_00058,2026-05-03
tax_001292,tax,,2026-05-03T00:00:00,-12885,setl_00058,2026-05-03
pay_001293,payment,ORD-004647,2026-05-03T07:25:17,3618200,setl_00059,2026-05-06
pay_001294,payment,ORD-004648,2026-05-02T08:42:13,850500,setl_00059,2026-05-06
pay_001295,payment,ORD-004649,2026-05-03T13:08:50,381400,setl_00059,2026-05-06
fee_001296,fee,,2026-05-06T00:00:00,-114462,setl_00059,2026-05-06
tax_001297,tax,,2026-05-06T00:00:00,-20603,setl_00059,2026-05-06
pay_001298,payment,ORD-004650,2026-05-05T16:49:09,1465200,setl_00060,2026-05-07
pay_001299,payment,ORD-004651,2026-05-05T10:34:16,1867100,setl_00060,2026-05-07
pay_001300,payment,ORD-004652,2026-05-06T10:00:22,770400,setl_00060,2026-05-07
pay_001301,payment,ORD-004653,2026-05-04T06:11:16,3909100,setl_00060,2026-05-07
pay_001302,payment,ORD-004654,2026-05-03T09:47:04,880700,setl_00060,2026-05-07
pay_001303,payment,ORD-004655,2026-05-04T09:28:32,2987800,setl_00060,2026-05-07
fee_001304,fee,,2026-05-07T00:00:00,-280375,setl_00060,2026-05-07
tax_001305,tax,,2026-05-07T00:00:00,-50467,setl_00060,2026-05-07
pay_001306,payment,ORD-004656,2026-05-06T06:03:30,2026700,setl_00061,2026-05-10
pay_001307,payment,ORD-004657,2026-05-09T21:45:58,2843600,setl_00061,2026-05-10
pay_001308,payment,ORD-004658,2026-05-09T16:38:09,531600,setl_00061,2026-05-10
pay_001309,payment,ORD-004659,2026-05-07T16:24:38,877000,setl_00061,2026-05-10
pay_001310,payment,ORD-004660,2026-05-06T19:06:50,1982600,setl_00061,2026-05-10
fee_001311,fee,,2026-05-10T00:00:00,-194971,setl_00061,2026-05-10
tax_001312,tax,,2026-05-10T00:00:00,-35094,setl_00061,2026-05-10
pay_001313,payment,ORD-004661,2026-05-09T20:25:26,2761900,setl_00062,2026-05-12
pay_001314,payment,ORD-004662,2026-05-08T16:42:16,2098300,setl_00062,2026-05-12
fee_001315,fee,,2026-05-12T00:00:00,-114700,setl_00062,2026-05-12
tax_001316,tax,,2026-05-12T00:00:00,-20646,setl_00062,2026-05-12
pay_001317,payment,ORD-004663,2026-05-13T08:27:06,647800,setl_00063,2026-05-14
fee_001318,fee,,2026-05-14T00:00:00,-15288,setl_00063,2026-05-14
tax_001319,tax,,2026-05-14T00:00:00,-2751,setl_00063,2026-05-14
pay_001320,payment,ORD-004664,2026-05-12T09:26:22,3730400,setl_00064,2026-05-15
pay_001321,payment,ORD-004665,2026-05-14T15:38:19,4775500,setl_00064,2026-05-15
pay_001322,payment,ORD-004666,2026-05-13T10:42:30,728900,setl_00064,2026-05-15
pay_001323,payment,ORD-004667,2026-05-12T17:07:48,759200,setl_00064,2026-05-15
pay_001324,payment,ORD-004668,2026-05-13T19:54:35,3812400,setl_00064,2026-05-15
pay_001325,payment,ORD-004669,2026-05-12T06:11:17,4041100,setl_00064,2026-05-15
fee_001326,fee,,2026-05-15T00:00:00,-421201,setl_00064,2026-05-15
tax_001327,tax,,2026-05-15T00:00:00,-75816,setl_00064,2026-05-15
pay_001328,payment,ORD-004670,2026-01-30T08:09:47,2595300,setl_00065,2026-02-03
pay_001329,payment,ORD-004671,2026-02-01T18:26:29,2595400,setl_00065,2026-02-03
fee_001330,fee,,2026-02-03T00:00:00,-122500,setl_00065,2026-02-03
tax_001331,tax,,2026-02-03T00:00:00,-22050,setl_00065,2026-02-03
pay_001332,payment,ORD-004672,2026-05-17T07:09:10,3769700,setl_00066,2026-05-18
pay_001333,payment,ORD-004673,2026-05-17T14:28:42,4466900,setl_00066,2026-05-18
pay_001334,payment,ORD-004674,2026-05-14T19:17:13,3232800,setl_00066,2026-05-18
fee_001335,fee,,2026-05-18T00:00:00,-270677,setl_00066,2026-05-18
tax_001336,tax,,2026-05-18T00:00:00,-48721,setl_00066,2026-05-18
pay_001337,payment,ORD-004675,2026-05-16T15:02:14,1906200,setl_00067,2026-05-20
fee_001338,fee,,2026-05-20T00:00:00,-44986,setl_00067,2026-05-20
tax_001339,tax,,2026-05-20T00:00:00,-8097,setl_00067,2026-05-20
pay_001340,payment,ORD-004676,2026-05-19T14:18:20,1434300,setl_00068,2026-05-21
pay_001341,payment,ORD-004677,2026-05-17T19:11:08,100600,setl_00068,2026-05-21
pay_001342,payment,ORD-004678,2026-05-19T17:04:25,3540300,setl_00068,2026-05-21
fee_001343,fee,,2026-05-21T00:00:00,-119774,setl_00068,2026-05-21
tax_001344,tax,,2026-05-21T00:00:00,-21559,setl_00068,2026-05-21
pay_001345,payment,ORD-004679,2026-05-19T18:45:40,2101600,setl_00069,2026-05-23
fee_001346,fee,,2026-05-23T00:00:00,-49597,setl_00069,2026-05-23
tax_001347,tax,,2026-05-23T00:00:00,-8927,setl_00069,2026-05-23
pay_001348,payment,ORD-004680,2026-05-23T20:53:44,2178400,setl_00070,2026-05-25
fee_001349,fee,,2026-05-25T00:00:00,-51410,setl_00070,2026-05-25
tax_001350,tax,,2026-05-25T00:00:00,-9253,setl_00070,2026-05-25
pay_001351,payment,ORD-004681,2026-05-22T08:25:55,2905200,setl_00071,2026-05-26
pay_001352,payment,ORD-004682,2026-05-23T13:21:49,4937700,setl_00071,2026-05-26
fee_001353,fee,,2026-05-26T00:00:00,-185092,setl_00071,2026-05-26
tax_001354,tax,,2026-05-26T00:00:00,-33316,setl_00071,2026-05-26
pay_001355,payment,ORD-004683,2026-05-27T17:22:46,3527300,setl_00072,2026-05-29
fee_001356,fee,,2026-05-29T00:00:00,-83244,setl_00072,2026-05-29
tax_001357,tax,,2026-05-29T00:00:00,-14983,setl_00072,2026-05-29
pay_001358,payment,ORD-004684,2026-05-28T10:48:48,1342800,setl_00073,2026-05-30
pay_001359,payment,ORD-004685,2026-05-26T20:48:36,1210900,setl_00073,2026-05-30
pay_001360,payment,ORD-004686,2026-05-27T16:09:28,4513800,setl_00073,2026-05-30
fee_001361,fee,,2026-05-30T00:00:00,-166793,setl_00073,2026-05-30
tax_001362,tax,,2026-05-30T00:00:00,-30022,setl_00073,2026-05-30
pay_001363,payment,ORD-004687,2026-04-10T17:32:04,1165600,setl_00074,2026-04-11
pay_001364,payment,ORD-004688,2026-04-07T07:03:23,1165600,setl_00074,2026-04-11
pay_001365,payment,ORD-004689,2026-04-10T18:29:37,1165600,setl_00074,2026-04-11
fee_001366,fee,,2026-04-11T00:00:00,-82524,setl_00074,2026-04-11
tax_001367,tax,,2026-04-11T00:00:00,-14854,setl_00074,2026-04-11
pay_001368,payment,ORD-004690,2026-06-01T10:03:28,2157100,setl_00075,2026-06-05
pay_001369,payment,ORD-004691,2026-06-04T11:02:15,2300700,setl_00075,2026-06-05
fee_001370,fee,,2026-06-05T00:00:00,-105204,setl_00075,2026-06-05
tax_001371,tax,,2026-06-05T00:00:00,-18936,setl_00075,2026-06-05
pay_001372,payment,ORD-004692,2026-06-05T17:58:18,1090300,setl_00076,2026-06-08
pay_001373,payment,ORD-004693,2026-06-05T07:50:40,2728900,setl_00076,2026-06-08
pay_001374,payment,ORD-004694,2026-06-05T09:35:43,481900,setl_00076,2026-06-08
pay_001375,payment,ORD-004695,2026-06-05T10:21:05,1912100,setl_00076,2026-06-08
pay_001376,payment,ORD-004696,2026-06-05T18:08:38,2342500,setl_00076,2026-06-08
pay_001377,payment,ORD-004697,2026-06-04T16:52:08,2078800,setl_00076,2026-06-08
fee_001378,fee,,2026-06-08T00:00:00,-250974,setl_00076,2026-06-08
tax_001379,tax,,2026-06-08T00:00:00,-45175,setl_00076,2026-06-08
pay_001380,payment,ORD-004698,2026-06-08T06:23:19,3382400,setl_00077,2026-06-11
pay_001381,payment,ORD-004699,2026-06-08T21:12:14,1453700,setl_00077,2026-06-11
pay_001382,payment,ORD-004700,2026-06-10T15:54:50,1065400,setl_00077,2026-06-11
pay_001383,payment,ORD-004701,2026-06-10T16:56:49,3377100,setl_00077,2026-06-11
fee_001384,fee,,2026-06-11T00:00:00,-218974,setl_00077,2026-06-11
tax_001385,tax,,2026-06-11T00:00:00,-39415,setl_00077,2026-06-11
pay_001386,payment,ORD-004702,2026-06-10T20:02:26,4590600,setl_00078,2026-06-12
pay_001387,payment,ORD-004703,2026-06-10T20:39:18,4482600,setl_00078,2026-06-12
fee_001388,fee,,2026-06-12T00:00:00,-214127,setl_00078,2026-06-12
tax_001389,tax,,2026-06-12T00:00:00,-38542,setl_00078,2026-06-12
pay_001390,payment,ORD-004704,2026-06-11T17:43:36,3123700,setl_00079,2026-06-13
pay_001391,payment,ORD-004705,2026-06-10T18:32:33,3075600,setl_00079,2026-06-13
pay_001392,payment,ORD-004706,2026-06-11T10:55:16,1112000,setl_00079,2026-06-13
fee_001393,fee,,2026-06-13T00:00:00,-172546,setl_00079,2026-06-13
tax_001394,tax,,2026-06-13T00:00:00,-31058,setl_00079,2026-06-13
pay_001395,payment,ORD-004707,2026-06-15T15:05:48,4712200,setl_00080,2026-06-16
fee_001396,fee,,2026-06-16T00:00:00,-111207,setl_00080,2026-06-16
tax_001397,tax,,2026-06-16T00:00:00,-20017,setl_00080,2026-06-16
pay_001398,payment,ORD-004708,2026-06-18T13:52:28,2917000,setl_00081,2026-06-19
pay_001399,payment,ORD-004709,2026-06-15T07:25:32,224700,setl_00081,2026-06-19
fee_001400,fee,,2026-06-19T00:00:00,-74144,setl_00081,2026-06-19
tax_001401,tax,,2026-06-19T00:00:00,-13345,setl_00081,2026-06-19
pay_001402,payment,ORD-004710,2026-06-19T16:59:06,1521500,setl_00082,2026-06-20
pay_001403,payment,ORD-004711,2026-06-18T07:18:58,1007100,setl_00082,2026-06-20
pay_001404,payment,ORD-004712,2026-06-18T21:28:39,4611700,setl_00082,2026-06-20
fee_001405,fee,,2026-06-20T00:00:00,-168511,setl_00082,2026-06-20
tax_001406,tax,,2026-06-20T00:00:00,-30331,setl_00082,2026-06-20
pay_001407,payment,ORD-004713,2026-06-18T09:49:18,1029800,setl_00083,2026-06-22
pay_001408,payment,ORD-004714,2026-06-21T07:15:26,2023600,setl_00083,2026-06-22
fee_001409,fee,,2026-06-22T00:00:00,-72060,setl_00083,2026-06-22
tax_001410,tax,,2026-06-22T00:00:00,-12970,setl_00083,2026-06-22
pay_001411,payment,ORD-004715,2026-06-23T13:45:09,3563000,setl_00084,2026-06-24
pay_001412,payment,ORD-004716,2026-06-23T17:15:36,2863000,setl_00084,2026-06-24
pay_001413,payment,ORD-004717,2026-06-23T17:04:33,1277500,setl_00084,2026-06-24
pay_001414,payment,ORD-004718,2026-06-23T18:55:30,3374800,setl_00084,2026-06-24
pay_001415,payment,ORD-004719,2026-06-20T17:16:47,4215900,setl_00084,2026-06-24
pay_001416,payment,ORD-004720,2026-06-23T17:15:46,2390200,setl_00084,2026-06-24
fee_001417,fee,,2026-06-24T00:00:00,-417351,setl_00084,2026-06-24
tax_001418,tax,,2026-06-24T00:00:00,-75123,setl_00084,2026-06-24
pay_001419,payment,ORD-004721,2026-06-22T11:53:49,3628300,setl_00085,2026-06-25
pay_001420,payment,ORD-004722,2026-06-21T11:51:08,4607300,setl_00085,2026-06-25
pay_001421,payment,ORD-004723,2026-06-21T07:18:12,4742600,setl_00085,2026-06-25
fee_001422,fee,,2026-06-25T00:00:00,-306285,setl_00085,2026-06-25
tax_001423,tax,,2026-06-25T00:00:00,-55131,setl_00085,2026-06-25
pay_001424,payment,ORD-004724,2026-06-23T21:16:02,3427600,setl_00086,2026-06-27
pay_001425,payment,ORD-004725,2026-06-24T07:55:41,1925000,setl_00086,2026-06-27
pay_001426,payment,ORD-004726,2026-06-26T17:27:56,1840500,setl_00086,2026-06-27
fee_001427,fee,,2026-06-27T00:00:00,-169757,setl_00086,2026-06-27
tax_001428,tax,,2026-06-27T00:00:00,-30556,setl_00086,2026-06-27
pay_001429,payment,ORD-004727,2026-06-25T17:59:51,3301900,setl_00087,2026-06-29
pay_001430,payment,ORD-004728,2026-06-28T19:05:27,1797900,setl_00087,2026-06-29
fee_001431,fee,,2026-06-29T00:00:00,-120355,setl_00087,2026-06-29
tax_001432,tax,,2026-06-29T00:00:00,-21663,setl_00087,2026-06-29
pay_001433,payment,ORD-004729,2026-06-27T15:28:38,2199000,setl_00088,2026-06-30
fee_001434,fee,,2026-06-30T00:00:00,-51896,setl_00088,2026-06-30
tax_001435,tax,,2026-06-30T00:00:00,-9341,setl_00088,2026-06-30
pay_001436,payment,ORD-004730,2026-07-01T17:39:27,2980300,setl_00089,2026-07-02
pay_001437,payment,ORD-004731,2026-07-01T08:42:40,4240800,setl_00089,2026-07-02
pay_001438,payment,ORD-004732,2026-06-30T06:09:54,2430900,setl_00089,2026-07-02
fee_001439,fee,,2026-07-02T00:00:00,-227787,setl_00089,2026-07-02
tax_001440,tax,,2026-07-02T00:00:00,-41001,setl_00089,2026-07-02
pay_001441,payment,ORD-004733,2026-06-30T17:24:36,4278100,setl_00090,2026-07-03
pay_001442,payment,ORD-004734,2026-07-01T20:23:23,4015500,setl_00090,2026-07-03
fee_001443,fee,,2026-07-03T00:00:00,-195728,setl_00090,2026-07-03
tax_001444,tax,,2026-07-03T00:00:00,-35231,setl_00090,2026-07-03
pay_001445,payment,ORD-004735,2026-06-30T16:41:17,2454800,setl_00091,2026-07-04
pay_001446,payment,ORD-004736,2026-07-03T11:31:33,793400,setl_00091,2026-07-04
pay_001447,payment,ORD-004737,2026-07-03T14:49:16,3730900,setl_00091,2026-07-04
pay_001448,payment,ORD-004738,2026-07-01T21:12:07,1456200,setl_00091,2026-07-04
pay_001449,payment,ORD-004739,2026-06-30T11:57:45,535300,setl_00091,2026-07-04
fee_001450,fee,,2026-07-04T00:00:00,-211706,setl_00091,2026-07-04
tax_001451,tax,,2026-07-04T00:00:00,-38107,setl_00091,2026-07-04
pay_001452,payment,ORD-004740,2026-07-05T15:57:19,4700000,setl_00092,2026-07-06
pay_001453,payment,ORD-004741,2026-07-04T17:32:14,4714900,setl_00092,2026-07-06
pay_001454,payment,ORD-004742,2026-07-04T13:50:31,1367100,setl_00092,2026-07-06
fee_001455,fee,,2026-07-06T00:00:00,-254455,setl_00092,2026-07-06
tax_001456,tax,,2026-07-06T00:00:00,-45801,setl_00092,2026-07-06
pay_001457,payment,ORD-004743,2026-07-07T08:04:19,3113100,setl_00093,2026-07-09
pay_001458,payment,ORD-004744,2026-07-05T19:49:26,4748400,setl_00093,2026-07-09
pay_001459,payment,ORD-004745,2026-07-06T08:28:29,871300,setl_00093,2026-07-09
fee_001460,fee,,2026-07-09T00:00:00,-206094,setl_00093,2026-07-09
tax_001461,tax,,2026-07-09T00:00:00,-37096,setl_00093,2026-07-09
pay_001462,payment,ORD-004746,2026-07-10T19:32:58,1242500,setl_00094,2026-07-12
pay_001463,payment,ORD-004747,2026-07-10T15:10:10,863700,setl_00094,2026-07-12
pay_001464,payment,ORD-004748,2026-07-10T17:33:57,4698600,setl_00094,2026-07-12
pay_001465,payment,ORD-004749,2026-07-09T12:40:35,566800,setl_00094,2026-07-12
pay_001466,payment,ORD-004750,2026-07-09T08:32:41,870300,setl_00094,2026-07-12
pay_001467,payment,ORD-004751,2026-07-10T11:42:39,3928400,setl_00094,2026-07-12
fee_001468,fee,,2026-07-12T00:00:00,-287219,setl_00094,2026-07-12
tax_001469,tax,,2026-07-12T00:00:00,-51699,setl_00094,2026-07-12
pay_001470,payment,ORD-004752,2026-07-10T12:49:36,4253800,setl_00095,2026-07-13
fee_001471,fee,,2026-07-13T00:00:00,-100389,setl_00095,2026-07-13
tax_001472,tax,,2026-07-13T00:00:00,-18070,setl_00095,2026-07-13
pay_001473,payment,ORD-004753,2026-07-13T21:15:51,1948300,setl_00096,2026-07-16
pay_001474,payment,ORD-004754,2026-07-12T08:44:03,1999200,setl_00096,2026-07-16
pay_001475,payment,ORD-004755,2026-07-12T21:29:13,2930900,setl_00096,2026-07-16
pay_001476,payment,ORD-004756,2026-07-14T16:55:45,4025800,setl_00096,2026-07-16
pay_001477,payment,ORD-004757,2026-07-13T18:08:48,4861600,setl_00096,2026-07-16
fee_001478,fee,,2026-07-16T00:00:00,-372072,setl_00096,2026-07-16
tax_001479,tax,,2026-07-16T00:00:00,-66972,setl_00096,2026-07-16
pay_001480,payment,ORD-004758,2026-07-14T20:15:09,852900,setl_00097,2026-07-17
pay_001481,payment,ORD-004759,2026-07-14T18:55:39,381600,setl_00097,2026-07-17
pay_001482,payment,ORD-004760,2026-07-15T16:59:36,1677000,setl_00097,2026-07-17
pay_001483,payment,ORD-004761,2026-07-15T21:32:29,1294000,setl_00097,2026-07-17
fee_001484,fee,,2026-07-17T00:00:00,-99249,setl_00097,2026-07-17
tax_001485,tax,,2026-07-17T00:00:00,-17864,setl_00097,2026-07-17
pay_001486,payment,ORD-004762,2026-07-14T13:13:37,2627100,setl_00098,2026-07-18
fee_001487,fee,,2026-07-18T00:00:00,-61999,setl_00098,2026-07-18
tax_001488,tax,,2026-07-18T00:00:00,-11159,setl_00098,2026-07-18
pay_001489,payment,ORD-004763,2026-07-16T15:34:00,3965800,setl_00099,2026-07-20
pay_001490,payment,ORD-004764,2026-07-18T14:46:23,2874100,setl_00099,2026-07-20
pay_001491,payment,ORD-004765,2026-07-19T18:03:36,2448200,setl_00099,2026-07-20
pay_001492,payment,ORD-004766,2026-07-17T08:24:32,2425800,setl_00099,2026-07-20
fee_001493,fee,,2026-07-20T00:00:00,-276448,setl_00099,2026-07-20
tax_001494,tax,,2026-07-20T00:00:00,-49760,setl_00099,2026-07-20
pay_001495,payment,ORD-004767,2026-07-21T09:25:23,828600,setl_00100,2026-07-23
pay_001496,payment,ORD-004768,2026-07-20T10:12:38,3705800,setl_00100,2026-07-23
pay_001497,payment,ORD-004769,2026-07-22T07:02:08,2680500,setl_00100,2026-07-23
pay_001498,payment,ORD-004770,2026-07-19T10:38:57,3154700,setl_00100,2026-07-23
pay_001499,payment,ORD-004771,2026-07-20T16:10:25,966000,setl_00100,2026-07-23
pay_001500,payment,ORD-004772,2026-07-20T21:45:36,3941000,setl_00100,2026-07-23
fee_001501,fee,,2026-07-23T00:00:00,-360527,setl_00100,2026-07-23
tax_001502,tax,,2026-07-23T00:00:00,-64894,setl_00100,2026-07-23
pay_001503,payment,ORD-004773,2026-07-24T19:37:19,4465800,setl_00101,2026-07-25
pay_001504,payment,ORD-004774,2026-07-21T14:41:50,3961900,setl_00101,2026-07-25
pay_001505,payment,ORD-004775,2026-07-24T21:10:33,4777700,setl_00101,2026-07-25
fee_001506,fee,,2026-07-25T00:00:00,-311647,setl_00101,2026-07-25
tax_001507,tax,,2026-07-25T00:00:00,-56096,setl_00101,2026-07-25
pay_001508,payment,ORD-004776,2026-07-25T12:01:28,3802300,setl_00102,2026-07-26
fee_001509,fee,,2026-07-26T00:00:00,-89734,setl_00102,2026-07-26
tax_001510,tax,,2026-07-26T00:00:00,-16152,setl_00102,2026-07-26
pay_001511,payment,ORD-004777,2026-07-24T07:45:08,2739400,setl_00103,2026-07-28
pay_001512,payment,ORD-004778,2026-07-25T21:33:24,1408800,setl_00103,2026-07-28
fee_001513,fee,,2026-07-28T00:00:00,-97897,setl_00103,2026-07-28
tax_001514,tax,,2026-07-28T00:00:00,-17621,setl_00103,2026-07-28
pay_001515,payment,ORD-004779,2026-07-28T14:39:30,3630000,setl_00104,2026-07-31
pay_001516,payment,ORD-004780,2026-07-28T15:14:19,1665500,setl_00104,2026-07-31
pay_001517,payment,ORD-004781,2026-07-29T21:20:30,4669600,setl_00104,2026-07-31
fee_001518,fee,,2026-07-31T00:00:00,-235176,setl_00104,2026-07-31
tax_001519,tax,,2026-07-31T00:00:00,-42331,setl_00104,2026-07-31
pay_001520,payment,ORD-004782,2026-07-28T18:52:22,4484300,setl_00105,2026-08-01
pay_001521,payment,ORD-004783,2026-07-31T15:45:05,1953500,setl_00105,2026-08-01
pay_001522,payment,ORD-004784,2026-07-29T21:13:12,2949100,setl_00105,2026-08-01
pay_001523,payment,ORD-004785,2026-07-29T10:06:39,1826800,setl_00105,2026-08-01
pay_001524,payment,ORD-004786,2026-07-31T13:40:14,1638900,setl_00105,2026-08-01
pay_001525,payment,ORD-004787,2026-07-28T16:45:30,706600,setl_00105,2026-08-01
fee_001526,fee,,2026-08-01T00:00:00,-319997,setl_00105,2026-08-01
tax_001527,tax,,2026-08-01T00:00:00,-57599,setl_00105,2026-08-01
pay_001528,payment,ORD-004788,2026-07-31T21:41:12,2716700,setl_00106,2026-08-04
pay_001529,payment,ORD-004789,2026-08-01T07:58:49,2154800,setl_00106,2026-08-04
fee_001530,fee,,2026-08-04T00:00:00,-114967,setl_00106,2026-08-04
tax_001531,tax,,2026-08-04T00:00:00,-20694,setl_00106,2026-08-04
pay_001532,payment,ORD-004790,2026-08-03T11:59:58,1197300,setl_00107,2026-08-07
fee_001533,fee,,2026-08-07T00:00:00,-28256,setl_00107,2026-08-07
tax_001534,tax,,2026-08-07T00:00:00,-5086,setl_00107,2026-08-07
pay_001535,payment,ORD-004791,2026-08-07T15:36:38,295500,setl_00108,2026-08-08
pay_001536,payment,ORD-004792,2026-08-05T20:41:34,2245700,setl_00108,2026-08-08
pay_001537,payment,ORD-004793,2026-08-06T20:17:12,3286900,setl_00108,2026-08-08
fee_001538,fee,,2026-08-08T00:00:00,-137543,setl_00108,2026-08-08
tax_001539,tax,,2026-08-08T00:00:00,-24757,setl_00108,2026-08-08
pay_001540,payment,ORD-004794,2026-08-08T11:00:47,4298600,setl_00109,2026-08-11
pay_001541,payment,ORD-004795,2026-08-09T11:39:54,1983400,setl_00109,2026-08-11
pay_001542,payment,ORD-004796,2026-08-08T08:25:42,2852900,setl_00109,2026-08-11
pay_001543,payment,ORD-004797,2026-08-09T21:20:59,1260900,setl_00109,2026-08-11
fee_001544,fee,,2026-08-11T00:00:00,-245340,setl_00109,2026-08-11
tax_001545,tax,,2026-08-11T00:00:00,-44161,setl_00109,2026-08-11
pay_001546,payment,ORD-004798,2026-08-10T16:19:37,2977700,setl_00110,2026-08-13
pay_001547,payment,ORD-004799,2026-08-10T13:03:42,1764100,setl_00110,2026-08-13
fee_001548,fee,,2026-08-13T00:00:00,-111906,setl_00110,2026-08-13
tax_001549,tax,,2026-08-13T00:00:00,-20143,setl_00110,2026-08-13
pay_001550,payment,ORD-004800,2026-08-11T09:40:58,4546200,setl_00111,2026-08-14
pay_001551,payment,ORD-004801,2026-08-12T13:08:30,2458700,setl_00111,2026-08-14
pay_001552,payment,ORD-004802,2026-08-11T19:44:35,3031700,setl_00111,2026-08-14
pay_001553,payment,ORD-004803,2026-08-12T13:43:48,3572600,setl_00111,2026-08-14
fee_001554,fee,,2026-08-14T00:00:00,-321177,setl_00111,2026-08-14
tax_001555,tax,,2026-08-14T00:00:00,-57811,setl_00111,2026-08-14
pay_001556,payment,ORD-004804,2026-08-16T07:53:35,561800,setl_00112,2026-08-17
pay_001557,payment,ORD-004805,2026-08-15T11:20:54,1374800,setl_00112,2026-08-17
pay_001558,payment,ORD-004806,2026-08-16T12:45:37,2945600,setl_00112,2026-08-17
fee_001559,fee,,2026-08-17T00:00:00,-115219,setl_00112,2026-08-17
tax_001560,tax,,2026-08-17T00:00:00,-20739,setl_00112,2026-08-17
pay_001561,payment,ORD-004807,2026-08-17T19:29:36,3021600,setl_00113,2026-08-19
fee_001562,fee,,2026-08-19T00:00:00,-71309,setl_00113,2026-08-19
tax_001563,tax,,2026-08-19T00:00:00,-12835,setl_00113,2026-08-19
pay_001564,payment,ORD-004808,2026-08-18T06:47:13,2644800,setl_00114,2026-08-21
fee_001565,fee,,2026-08-21T00:00:00,-62417,setl_00114,2026-08-21
tax_001566,tax,,2026-08-21T00:00:00,-11235,setl_00114,2026-08-21
pay_001567,payment,ORD-004809,2026-08-22T08:59:30,3596500,setl_00115,2026-08-23
fee_001568,fee,,2026-08-23T00:00:00,-84877,setl_00115,2026-08-23
tax_001569,tax,,2026-08-23T00:00:00,-15277,setl_00115,2026-08-23
pay_001570,payment,ORD-004810,2026-08-20T17:57:24,4254200,setl_00116,2026-08-24
pay_001571,payment,ORD-004811,2026-08-20T08:43:42,2523900,setl_00116,2026-08-24
fee_001572,fee,,2026-08-24T00:00:00,-159963,setl_00116,2026-08-24
tax_001573,tax,,2026-08-24T00:00:00,-28793,setl_00116,2026-08-24
pay_001574,payment,ORD-004812,2026-08-22T10:46:14,1219600,setl_00117,2026-08-26
fee_001575,fee,,2026-08-26T00:00:00,-28782,setl_00117,2026-08-26
tax_001576,tax,,2026-08-26T00:00:00,-5180,setl_00117,2026-08-26
pay_001577,payment,ORD-004813,2026-08-24T13:15:29,2829500,setl_00118,2026-08-28
pay_001578,payment,ORD-004814,2026-08-25T12:59:56,1066600,setl_00118,2026-08-28
pay_001579,payment,ORD-004815,2026-08-24T06:15:13,261100,setl_00118,2026-08-28
pay_001580,payment,ORD-004816,2026-08-27T20:38:43,711200,setl_00118,2026-08-28
pay_001581,payment,ORD-004817,2026-08-27T18:28:14,1653800,setl_00118,2026-08-28
fee_001582,fee,,2026-08-28T00:00:00,-153923,setl_00118,2026-08-28
tax_001583,tax,,2026-08-28T00:00:00,-27706,setl_00118,2026-08-28
pay_001584,payment,ORD-004818,2026-08-26T13:52:58,3352300,setl_00119,2026-08-29
pay_001585,payment,ORD-004819,2026-08-26T13:19:56,3834500,setl_00119,2026-08-29
fee_001586,fee,,2026-08-29T00:00:00,-169608,setl_00119,2026-08-29
tax_001587,tax,,2026-08-29T00:00:00,-30529,setl_00119,2026-08-29
pay_001588,payment,ORD-004820,2026-08-29T19:35:31,449400,setl_00120,2026-08-31
pay_001589,payment,ORD-004821,2026-08-27T16:44:26,2307100,setl_00120,2026-08-31
pay_001590,payment,ORD-004822,2026-08-28T18:11:48,1027900,setl_00120,2026-08-31
fee_001591,fee,,2026-08-31T00:00:00,-89311,setl_00120,2026-08-31
tax_001592,tax,,2026-08-31T00:00:00,-16075,setl_00120,2026-08-31
pay_001593,payment,ORD-004823,2026-08-30T20:58:03,4687100,setl_00121,2026-09-01
pay_001594,payment,ORD-004824,2026-08-30T18:15:16,2779600,setl_00121,2026-09-01
pay_001595,payment,ORD-004825,2026-08-31T20:54:23,2214400,setl_00121,2026-09-01
fee_001596,fee,,2026-09-01T00:00:00,-228473,setl_00121,2026-09-01
tax_001597,tax,,2026-09-01T00:00:00,-41125,setl_00121,2026-09-01
pay_001598,payment,ORD-004826,2026-09-02T08:12:51,4464900,setl_00122,2026-09-03
pay_001599,payment,ORD-004827,2026-09-01T16:19:58,3191700,setl_00122,2026-09-03
pay_001600,payment,ORD-004828,2026-09-01T09:47:48,1438100,setl_00122,2026-09-03
pay_001601,payment,ORD-004829,2026-09-01T18:58:15,1639800,setl_00122,2026-09-03
fee_001602,fee,,2026-09-03T00:00:00,-253334,setl_00122,2026-09-03
tax_001603,tax,,2026-09-03T00:00:00,-45600,setl_00122,2026-09-03
pay_001604,payment,ORD-004830,2026-09-02T15:16:23,4301400,setl_00123,2026-09-05
pay_001605,payment,ORD-004831,2026-09-01T09:51:46,3308900,setl_00123,2026-09-05
pay_001606,payment,ORD-004832,2026-09-03T17:20:26,2148600,setl_00123,2026-09-05
pay_001607,payment,ORD-004833,2026-09-03T10:01:16,3736500,setl_00123,2026-09-05
pay_001608,payment,ORD-004834,2026-09-03T12:21:14,1984500,setl_00123,2026-09-05
fee_001609,fee,,2026-09-05T00:00:00,-365325,setl_00123,2026-09-05
tax_001610,tax,,2026-09-05T00:00:00,-65758,setl_00123,2026-09-05
pay_001611,payment,ORD-004835,2026-09-04T21:29:10,1736400,setl_00124,2026-09-08
pay_001612,payment,ORD-004836,2026-09-06T21:11:58,1159200,setl_00124,2026-09-08
pay_001613,payment,ORD-004837,2026-09-07T07:53:54,4256100,setl_00124,2026-09-08
fee_001614,fee,,2026-09-08T00:00:00,-168780,setl_00124,2026-09-08
tax_001615,tax,,2026-09-08T00:00:00,-30380,setl_00124,2026-09-08
pay_001616,payment,ORD-004838,2026-09-08T08:45:09,4183300,setl_00125,2026-09-10
pay_001617,payment,ORD-004839,2026-09-06T17:03:39,1483400,setl_00125,2026-09-10
fee_001618,fee,,2026-09-10T00:00:00,-133734,setl_00125,2026-09-10
tax_001619,tax,,2026-09-10T00:00:00,-24072,setl_00125,2026-09-10
pay_001620,payment,ORD-004840,2026-09-07T06:01:33,3665200,setl_00126,2026-09-11
pay_001621,payment,ORD-004841,2026-09-08T06:32:52,3561000,setl_00126,2026-09-11
pay_001622,payment,ORD-004842,2026-09-10T09:33:09,1224800,setl_00126,2026-09-11
pay_001623,payment,ORD-004843,2026-09-08T17:17:50,1307800,setl_00126,2026-09-11
pay_001624,payment,ORD-004844,2026-09-08T18:29:36,567800,setl_00126,2026-09-11
fee_001625,fee,,2026-09-11T00:00:00,-243707,setl_00126,2026-09-11
tax_001626,tax,,2026-09-11T00:00:00,-43867,setl_00126,2026-09-11
pay_001627,payment,ORD-004845,2026-09-13T08:25:24,4334300,setl_00127,2026-09-14
fee_001628,fee,,2026-09-14T00:00:00,-102289,setl_00127,2026-09-14
tax_001629,tax,,2026-09-14T00:00:00,-18412,setl_00127,2026-09-14
pay_001630,payment,ORD-004846,2026-09-15T08:31:54,4656100,setl_00128,2026-09-17
fee_001631,fee,,2026-09-17T00:00:00,-109883,setl_00128,2026-09-17
tax_001632,tax,,2026-09-17T00:00:00,-19778,setl_00128,2026-09-17
pay_001633,payment,ORD-004847,2026-09-16T12:57:55,328800,setl_00129,2026-09-18
pay_001634,payment,ORD-004848,2026-09-17T08:43:59,1826600,setl_00129,2026-09-18
pay_001635,payment,ORD-004849,2026-09-17T11:59:54,3608800,setl_00129,2026-09-18
pay_001636,payment,ORD-004850,2026-09-16T10:48:52,152600,setl_00129,2026-09-18
pay_001637,payment,ORD-004851,2026-09-15T11:36:15,554200,setl_00129,2026-09-18
fee_001638,fee,,2026-09-18T00:00:00,-152715,setl_00129,2026-09-18
tax_001639,tax,,2026-09-18T00:00:00,-27488,setl_00129,2026-09-18
pay_001640,payment,ORD-004852,2026-09-20T17:03:06,4567400,setl_00130,2026-09-21
pay_001641,payment,ORD-004853,2026-09-20T16:38:49,1571300,setl_00130,2026-09-21
fee_001642,fee,,2026-09-21T00:00:00,-144873,setl_00130,2026-09-21
tax_001643,tax,,2026-09-21T00:00:00,-26077,setl_00130,2026-09-21
pay_001644,payment,ORD-004854,2026-09-20T13:22:35,3002700,setl_00131,2026-09-24
pay_001645,payment,ORD-004855,2026-09-22T18:05:49,2880100,setl_00131,2026-09-24
pay_001646,payment,ORD-004856,2026-09-23T08:17:09,1665100,setl_00131,2026-09-24
fee_001647,fee,,2026-09-24T00:00:00,-178130,setl_00131,2026-09-24
tax_001648,tax,,2026-09-24T00:00:00,-32063,setl_00131,2026-09-24
pay_001649,payment,ORD-004857,2026-09-25T08:00:19,2413800,setl_00132,2026-09-26
pay_001650,payment,ORD-004858,2026-09-23T09:08:05,2408700,setl_00132,2026-09-26
pay_001651,payment,ORD-004859,2026-09-22T19:06:01,2874400,setl_00132,2026-09-26
fee_001652,fee,,2026-09-26T00:00:00,-181646,setl_00132,2026-09-26
tax_001653,tax,,2026-09-26T00:00:00,-32696,setl_00132,2026-09-26
pay_001654,payment,ORD-004860,2026-09-24T18:00:18,3969300,setl_00133,2026-09-27
pay_001655,payment,ORD-004861,2026-09-26T13:36:33,2591400,setl_00133,2026-09-27
pay_001656,payment,ORD-004862,2026-09-23T11:08:17,4541200,setl_00133,2026-09-27
pay_001657,payment,ORD-004863,2026-09-23T10:04:10,1809000,setl_00133,2026-09-27
pay_001658,payment,ORD-004864,2026-09-23T15:30:50,1858500,setl_00133,2026-09-27
pay_001659,payment,ORD-004865,2026-09-24T13:46:40,2416600,setl_00133,2026-09-27
fee_001660,fee,,2026-09-27T00:00:00,-405589,setl_00133,2026-09-27
tax_001661,tax,,2026-09-27T00:00:00,-73006,setl_00133,2026-09-27
pay_001662,payment,ORD-004866,2026-09-27T18:21:53,2046600,setl_00134,2026-09-28
pay_001663,payment,ORD-004867,2026-09-24T16:27:52,2209600,setl_00134,2026-09-28
fee_001664,fee,,2026-09-28T00:00:00,-100446,setl_00134,2026-09-28
tax_001665,tax,,2026-09-28T00:00:00,-18080,setl_00134,2026-09-28
pay_001666,payment,ORD-004868,2026-09-28T11:25:20,3189200,setl_00135,2026-10-01
pay_001667,payment,ORD-004869,2026-09-27T13:20:24,4866000,setl_00135,2026-10-01
fee_001668,fee,,2026-10-01T00:00:00,-190102,setl_00135,2026-10-01
tax_001669,tax,,2026-10-01T00:00:00,-34218,setl_00135,2026-10-01
pay_001670,payment,ORD-004870,2026-09-30T06:46:29,1359400,setl_00136,2026-10-02
pay_001671,payment,ORD-004871,2026-09-29T08:52:54,2923400,setl_00136,2026-10-02
pay_001672,payment,ORD-004872,2026-09-28T10:40:19,4460400,setl_00136,2026-10-02
pay_001673,payment,ORD-004873,2026-09-30T19:50:24,1705900,setl_00136,2026-10-02
pay_001674,payment,ORD-004874,2026-09-28T18:34:32,2993000,setl_00136,2026-10-02
pay_001675,payment,ORD-004875,2026-10-01T17:44:57,3612800,setl_00136,2026-10-02
fee_001676,fee,,2026-10-02T00:00:00,-402495,setl_00136,2026-10-02
tax_001677,tax,,2026-10-02T00:00:00,-72449,setl_00136,2026-10-02
pay_001678,payment,ORD-004876,2026-10-02T18:48:21,1140100,setl_00137,2026-10-03
pay_001679,payment,ORD-004877,2026-10-02T09:16:14,744300,setl_00137,2026-10-03
pay_001680,payment,ORD-004878,2026-10-01T20:23:25,4944500,setl_00137,2026-10-03
fee_001681,fee,,2026-10-03T00:00:00,-161162,setl_00137,2026-10-03
tax_001682,tax,,2026-10-03T00:00:00,-29009,setl_00137,2026-10-03
pay_001683,payment,ORD-004879,2026-01-05T19:58:05,1121200,setl_00138,2026-01-08
pay_001684,payment,ORD-004880,2026-01-06T17:19:21,1121200,setl_00138,2026-01-08
pay_001685,payment,ORD-004881,2026-01-04T17:30:06,1121200,setl_00138,2026-01-08
pay_001686,payment,ORD-004882,2026-01-04T16:04:19,1121200,setl_00138,2026-01-08
fee_001687,fee,,2026-01-08T00:00:00,-105841,setl_00138,2026-01-08
tax_001688,tax,,2026-01-08T00:00:00,-19051,setl_00138,2026-01-08
pay_001689,payment,ORD-004883,2026-10-04T13:33:11,4487700,setl_00139,2026-10-06
fee_001690,fee,,2026-10-06T00:00:00,-105909,setl_00139,2026-10-06
tax_001691,tax,,2026-10-06T00:00:00,-19063,setl_00139,2026-10-06
pay_001692,payment,ORD-004884,2026-10-04T11:11:40,1569400,setl_00140,2026-10-08
pay_001693,payment,ORD-004885,2026-10-07T12:28:37,2642400,setl_00140,2026-10-08
pay_001694,payment,ORD-004886,2026-10-07T12:13:17,2598200,setl_00140,2026-10-08
pay_001695,payment,ORD-004887,2026-10-07T11:23:20,3833700,setl_00140,2026-10-08
fee_001696,fee,,2026-10-08T00:00:00,-251191,setl_00140,2026-10-08
tax_001697,tax,,2026-10-08T00:00:00,-45214,setl_00140,2026-10-08
pay_001698,payment,ORD-004888,2026-10-07T18:39:25,3508400,setl_00141,2026-10-10
pay_001699,payment,ORD-004889,2026-10-07T20:39:11,2330100,setl_00141,2026-10-10
pay_001700,payment,ORD-004890,2026-10-09T10:20:07,4077000,setl_00141,2026-10-10
pay_001701,payment,ORD-004891,2026-10-09T11:23:44,2051300,setl_00141,2026-10-10
fee_001702,fee,,2026-10-10T00:00:00,-282416,setl_00141,2026-10-10
tax_001703,tax,,2026-10-10T00:00:00,-50834,setl_00141,2026-10-10
pay_001704,payment,ORD-004892,2026-10-09T19:11:31,3817000,setl_00142,2026-10-13
pay_001705,payment,ORD-004893,2026-10-11T11:31:18,4594400,setl_00142,2026-10-13
fee_001706,fee,,2026-10-13T00:00:00,-198509,setl_00142,2026-10-13
tax_001707,tax,,2026-10-13T00:00:00,-35731,setl_00142,2026-10-13
pay_001708,payment,ORD-004894,2026-10-12T06:31:08,401300,setl_00143,2026-10-15
pay_001709,payment,ORD-004895,2026-10-11T19:43:31,2566200,setl_00143,2026-10-15
pay_001710,payment,ORD-004896,2026-10-11T21:10:05,4703900,setl_00143,2026-10-15
pay_001711,payment,ORD-004897,2026-10-12T07:17:14,1495200,setl_00143,2026-10-15
pay_001712,payment,ORD-004898,2026-10-13T20:36:47,1941800,setl_00143,2026-10-15
pay_001713,payment,ORD-004899,2026-10-14T09:17:49,3652600,setl_00143,2026-10-15
fee_001714,fee,,2026-10-15T00:00:00,-348359,setl_00143,2026-10-15
tax_001715,tax,,2026-10-15T00:00:00,-62704,setl_00143,2026-10-15
pay_001716,payment,ORD-004900,2026-10-14T19:06:47,3630500,setl_00144,2026-10-16
pay_001717,payment,ORD-004901,2026-10-15T20:16:22,2001000,setl_00144,2026-10-16
pay_001718,payment,ORD-004902,2026-10-15T13:13:51,2927400,setl_00144,2026-10-16
pay_001719,payment,ORD-004903,2026-10-12T11:39:08,4707900,setl_00144,2026-10-16
fee_001720,fee,,2026-10-16T00:00:00,-313096,setl_00144,2026-10-16
tax_001721,tax,,2026-10-16T00:00:00,-56357,setl_00144,2026-10-16
pay_001722,payment,ORD-004904,2026-10-16T11:20:45,3538300,setl_00145,2026-10-19
pay_001723,payment,ORD-004905,2026-10-16T09:08:48,1946100,setl_00145,2026-10-19
pay_001724,payment,ORD-004906,2026-10-16T10:44:55,438500,setl_00145,2026-10-19
fee_001725,fee,,2026-10-19T00:00:00,-139780,setl_00145,2026-10-19
tax_001726,tax,,2026-10-19T00:00:00,-25160,setl_00145,2026-10-19
pay_001727,payment,,2026-10-18T21:09:36,1672300,setl_00146,2026-10-22
pay_001728,payment,ORD-004908,2026-10-18T18:28:04,4164400,setl_00146,2026-10-22
pay_001729,payment,ORD-004909,2026-10-19T17:29:31,2690100,setl_00146,2026-10-22
fee_001730,fee,,2026-10-22T00:00:00,-201232,setl_00146,2026-10-22
tax_001731,tax,,2026-10-22T00:00:00,-36221,setl_00146,2026-10-22
pay_001732,payment,ORD-004910,2026-10-20T08:50:34,4210400,setl_00147,2026-10-23
pay_001733,payment,ORD-004911,2026-10-19T12:31:17,1477500,setl_00147,2026-10-23
pay_001734,payment,ORD-004912,2026-10-20T10:36:54,1908500,setl_00147,2026-10-23
pay_001735,payment,ORD-004913,2026-10-22T07:06:40,2302700,setl_00147,2026-10-23
fee_001736,fee,,2026-10-23T00:00:00,-233618,setl_00147,2026-10-23
tax_001737,tax,,2026-10-23T00:00:00,-42051,setl_00147,2026-10-23
pay_001738,payment,ORD-004914,2026-10-23T19:12:44,3041800,setl_00148,2026-10-24
pay_001739,payment,ORD-004915,2026-10-21T11:55:59,4309800,setl_00148,2026-10-24
pay_001740,payment,ORD-004916,2026-10-21T14:05:23,661700,setl_00148,2026-10-24
pay_001741,payment,ORD-004917,2026-10-20T15:46:44,389300,setl_00148,2026-10-24
fee_001742,fee,,2026-10-24T00:00:00,-198301,setl_00148,2026-10-24
tax_001743,tax,,2026-10-24T00:00:00,-35694,setl_00148,2026-10-24
pay_001744,payment,,2026-10-23T21:04:08,57100,setl_00149,2026-10-25
fee_001745,fee,,2026-10-25T00:00:00,-1347,setl_00149,2026-10-25
tax_001746,tax,,2026-10-25T00:00:00,-242,setl_00149,2026-10-25
pay_001747,payment,ORD-004919,2026-10-22T10:30:04,840300,setl_00150,2026-10-26
pay_001748,payment,ORD-004920,2026-10-25T09:06:20,2560400,setl_00150,2026-10-26
pay_001749,payment,ORD-004921,2026-10-24T18:49:52,2011100,setl_00150,2026-10-26
fee_001750,fee,,2026-10-26T00:00:00,-127718,setl_00150,2026-10-26
tax_001751,tax,,2026-10-26T00:00:00,-22989,setl_00150,2026-10-26
pay_001752,payment,ORD-004922,2026-10-27T20:22:46,105500,setl_00151,2026-10-29
pay_001753,payment,ORD-004923,2026-10-27T19:39:43,4166100,setl_00151,2026-10-29
pay_001754,payment,ORD-004924,2026-10-28T09:08:48,1473700,setl_00151,2026-10-29
pay_001755,payment,ORD-004925,2026-10-25T17:27:20,3913800,setl_00151,2026-10-29
pay_001756,payment,ORD-004926,2026-10-26T08:15:35,1673800,setl_00151,2026-10-29
pay_001757,payment,ORD-004927,2026-10-28T15:13:33,4575100,setl_00151,2026-10-29
fee_001758,fee,,2026-10-29T00:00:00,-375428,setl_00151,2026-10-29
tax_001759,tax,,2026-10-29T00:00:00,-67577,setl_00151,2026-10-29
pay_001760,payment,ORD-004928,2026-10-30T13:31:24,4284700,setl_00152,2026-10-31
pay_001761,payment,ORD-004929,2026-10-27T08:33:56,1629900,setl_00152,2026-10-31
pay_001762,payment,ORD-004930,2026-10-28T10:24:55,2416400,setl_00152,2026-10-31
fee_001763,fee,,2026-10-31T00:00:00,-196611,setl_00152,2026-10-31
tax_001764,tax,,2026-10-31T00:00:00,-35389,setl_00152,2026-10-31
pay_001765,payment,ORD-004931,2026-11-02T06:37:04,3136800,setl_00153,2026-11-03
pay_001766,payment,ORD-004932,2026-11-01T07:59:03,1768200,setl_00153,2026-11-03
fee_001767,fee,,2026-11-03T00:00:00,-115758,setl_00153,2026-11-03
tax_001768,tax,,2026-11-03T00:00:00,-20836,setl_00153,2026-11-03
pay_001769,payment,ORD-004933,2026-11-02T18:05:40,2772500,setl_00154,2026-11-06
pay_001770,payment,ORD-004934,2026-11-04T14:05:19,3573500,setl_00154,2026-11-06
pay_001771,payment,ORD-004935,2026-11-04T10:34:20,3400800,setl_00154,2026-11-06
pay_001772,payment,ORD-004936,2026-11-05T15:44:27,3893200,setl_00154,2026-11-06
pay_001773,payment,ORD-004937,2026-11-04T08:59:27,429400,setl_00154,2026-11-06
fee_001774,fee,,2026-11-06T00:00:00,-332037,setl_00154,2026-11-06
tax_001775,tax,,2026-11-06T00:00:00,-59766,setl_00154,2026-11-06
pay_001776,payment,ORD-004938,2026-11-07T09:00:45,2076900,setl_00155,2026-11-09
fee_001777,fee,,2026-11-09T00:00:00,-49014,setl_00155,2026-11-09
tax_001778,tax,,2026-11-09T00:00:00,-8822,setl_00155,2026-11-09
pay_001779,payment,ORD-004939,2026-11-08T11:23:08,3477500,setl_00156,2026-11-11
pay_001780,payment,ORD-004940,2026-11-10T06:21:51,4853300,setl_00156,2026-11-11
pay_001781,payment,ORD-004941,2026-11-10T14:45:36,1832400,setl_00156,2026-11-11
fee_001782,fee,,2026-11-11T00:00:00,-239851,setl_00156,2026-11-11
tax_001783,tax,,2026-11-11T00:00:00,-43173,setl_00156,2026-11-11
pay_001784,payment,ORD-004942,2026-11-10T11:23:10,413300,setl_00157,2026-11-14
pay_001785,payment,ORD-004943,2026-11-13T13:47:32,724300,setl_00157,2026-11-14
pay_001786,payment,ORD-004944,2026-11-13T13:02:30,338600,setl_00157,2026-11-14
fee_001787,fee,,2026-11-14T00:00:00,-34838,setl_00157,2026-11-14
tax_001788,tax,,2026-11-14T00:00:00,-6270,setl_00157,2026-11-14
pay_001789,payment,,2026-11-11T13:20:15,3673200,setl_00158,2026-11-15
fee_001790,fee,,2026-11-15T00:00:00,-86687,setl_00158,2026-11-15
tax_001791,tax,,2026-11-15T00:00:00,-15603,setl_00158,2026-11-15
pay_001792,payment,ORD-004946,2026-11-15T07:11:14,2493200,setl_00159,2026-11-16
pay_001793,payment,ORD-004947,2026-11-12T08:56:29,350900,setl_00159,2026-11-16
pay_001794,payment,ORD-004948,2026-11-13T08:35:29,2086100,setl_00159,2026-11-16
pay_001795,payment,ORD-004949,2026-11-14T15:36:50,2467700,setl_00159,2026-11-16
pay_001796,payment,ORD-004950,2026-11-14T20:23:37,4896800,setl_00159,2026-11-16
pay_001797,payment,ORD-004951,2026-11-14T10:00:59,1330700,setl_00159,2026-11-16
fee_001798,fee,,2026-11-16T00:00:00,-321559,setl_00159,2026-11-16
tax_001799,tax,,2026-11-16T00:00:00,-57880,setl_00159,2026-11-16
pay_001800,payment,ORD-004952,2026-11-15T16:00:48,4541800,setl_00160,2026-11-16
pay_001801,payment,ORD-004953,2026-11-13T09:13:33,4541800,setl_00160,2026-11-16
pay_001802,payment,ORD-004954,2026-11-12T07:09:45,4541800,setl_00160,2026-11-16
fee_001803,fee,,2026-11-16T00:00:00,-321559,setl_00160,2026-11-16
tax_001804,tax,,2026-11-16T00:00:00,-57880,setl_00160,2026-11-16
pay_001805,payment,ORD-004955,2026-11-17T20:47:05,2757000,setl_00161,2026-11-20
pay_001806,payment,ORD-004956,2026-11-18T18:04:37,3362300,setl_00161,2026-11-20
pay_001807,payment,ORD-004957,2026-11-18T13:18:16,2900700,setl_00161,2026-11-20
pay_001808,payment,ORD-004958,2026-11-17T16:28:17,2625200,setl_00161,2026-11-20
pay_001809,payment,ORD-004959,2026-11-18T10:49:49,539400,setl_00161,2026-11-20
fee_001810,fee,,2026-11-20T00:00:00,-287556,setl_00161,2026-11-20
tax_001811,tax,,2026-11-20T00:00:00,-51760,setl_00161,2026-11-20
pay_001812,payment,ORD-004960,2026-11-18T19:07:34,3104300,setl_00162,2026-11-21
pay_001813,payment,ORD-004961,2026-11-17T15:29:16,1410700,setl_00162,2026-11-21
pay_001814,payment,ORD-004962,2026-11-19T15:52:45,642500,setl_00162,2026-11-21
pay_001815,payment,ORD-004963,2026-11-18T10:05:45,1459100,setl_00162,2026-11-21
fee_001816,fee,,2026-11-21T00:00:00,-156151,setl_00162,2026-11-21
tax_001817,tax,,2026-11-21T00:00:00,-28107,setl_00162,2026-11-21
pay_001818,payment,ORD-004964,2026-11-21T14:52:11,4487900,setl_00163,2026-11-24
fee_001819,fee,,2026-11-24T00:00:00,-105914,setl_00163,2026-11-24
tax_001820,tax,,2026-11-24T00:00:00,-19064,setl_00163,2026-11-24
pay_001821,payment,ORD-004965,2026-11-26T20:06:51,1687400,setl_00164,2026-11-27
pay_001822,payment,ORD-004966,2026-11-26T07:53:49,845900,setl_00164,2026-11-27
pay_001823,payment,ORD-004967,2026-11-25T18:23:43,906600,setl_00164,2026-11-27
pay_001824,payment,ORD-004968,2026-11-24T08:01:04,3866300,setl_00164,2026-11-27
pay_001825,payment,ORD-004969,2026-11-23T10:05:57,4283500,setl_00164,2026-11-27
fee_001826,fee,,2026-11-27T00:00:00,-273516,setl_00164,2026-11-27
tax_001827,tax,,2026-11-27T00:00:00,-49232,setl_00164,2026-11-27
pay_001828,payment,ORD-004970,2026-11-25T18:31:01,1150900,setl_00165,2026-11-29
fee_001829,fee,,2026-11-29T00:00:00,-27161,setl_00165,2026-11-29
tax_001830,tax,,2026-11-29T00:00:00,-4888,setl_00165,2026-11-29
pay_001831,payment,ORD-004971,2026-11-28T14:28:56,1276500,setl_00166,2026-12-01
fee_001832,fee,,2026-12-01T00:00:00,-30125,setl_00166,2026-12-01
tax_001833,tax,,2026-12-01T00:00:00,-5422,setl_00166,2026-12-01
rfnd_001834,refund,ORD-004627,2026-06-04T13:12:41,-1571600,setl_00075,2026-06-05
pay_001835,payment,ORD-004885,2026-10-07T12:28:37,2642400,setl_00140,2026-10-08
cb_001836,chargeback,ORD-001001,2026-07-22T15:50:31,-56700,setl_00102,2026-07-26
rfnd_001837,refund,ORD-004716,2026-07-30T09:06:15,-2863000,setl_00104,2026-07-31
pay_001838,payment,ORD-004679,2026-05-19T18:45:40,2101600,setl_00069,2026-05-23
cb_001839,chargeback,ORD-001002,2026-08-24T09:15:37,-56300,setl_00117,2026-08-26
rfnd_001840,refund,ORD-004475,2026-05-24T07:21:58,-92500,setl_00070,2026-05-25
pay_001841,payment,ORD-004663,2026-05-13T08:27:06,647800,setl_00063,2026-05-14
cb_001842,chargeback,ORD-001003,2026-02-14T16:45:58,-22200,setl_00022,2026-02-16
rfnd_001843,refund,ORD-004537,2026-03-05T17:20:11,-4133900,setl_00031,2026-03-06
pay_001844,payment,ORD-004851,2026-09-15T11:36:15,554200,setl_00129,2026-09-18
cb_001845,chargeback,ORD-001004,2026-03-20T20:11:24,-88100,setl_00041,2026-03-25
rfnd_001846,refund,ORD-004675,2026-05-25T17:36:06,-1906200,setl_00071,2026-05-26
pay_001847,payment,ORD-004773,2026-07-24T19:37:19,4465800,setl_00101,2026-07-25
cb_001848,chargeback,ORD-001005,2026-04-16T09:40:56,-55500,setl_00052,2026-04-19
pay_001849,payment,ORD-004714,2026-06-21T07:15:26,2023600,,
pay_001850,payment,ORD-004761,2026-07-15T21:32:29,1294000,setl_00097,2026-07-17
pay_001851,payment,ORD-004964,2026-11-21T14:52:11,4487900,,
pay_001852,payment,ORD-004542,2026-02-20T08:52:48,3428000,,
pay_001853,payment,ORD-004840,2026-09-07T06:01:33,3665200,setl_00126,2026-09-11
